{"cameraMode":{"drawMode":0,"name":"Shaded","section":"Shading Mode"},"sceneLighting":true,"audioPlay":false,"sceneViewState":{"showFog":true,"showMaterialUpdate":false,"showSkybox":true,"showFlares":true,"showImageEffects":true,"showParticleSystems":true},"in2DMode":false,"pivot":{"x":-0.07999998331069946,"y":0.9900000691413879,"z":4.079999923706055},"rotation":{"x":0.10972166806459427,"y":-0.6728737354278565,"z":0.10190974920988083,"w":0.724442183971405},"size":8.421554565429688,"orthographic":false}