{"cameraMode":{"drawMode":0,"name":"Shaded","section":"Shading Mode"},"sceneLighting":false,"audioPlay":false,"sceneViewState":{"showFog":true,"showMaterialUpdate":false,"showSkybox":true,"showFlares":true,"showImageEffects":true,"showParticleSystems":true},"in2DMode":false,"pivot":{"x":2.386301279067993,"y":2.814516544342041,"z":-8.96603012084961},"rotation":{"x":-0.16275452077388764,"y":0.7313395142555237,"z":-0.18737316131591798,"w":-0.6352518200874329},"size":3.8894338607788088,"orthographic":false}