{"cameraMode":{"drawMode":0,"name":"Shaded","section":"Shading Mode"},"sceneLighting":false,"audioPlay":false,"sceneViewState":{"showFog":true,"showMaterialUpdate":false,"showSkybox":true,"showFlares":true,"showImageEffects":true,"showParticleSystems":true},"in2DMode":false,"pivot":{"x":0.0005664825439453125,"y":0.8154119849205017,"z":0.0},"rotation":{"x":-0.07951726764440537,"y":0.8980128169059753,"z":-0.1818583905696869,"w":-0.39265450835227969},"size":3.8892576694488527,"orthographic":false}