{"cameraMode":{"drawMode":0,"name":"Shaded","section":"Shading Mode"},"sceneLighting":false,"audioPlay":false,"sceneViewState":{"showFog":true,"showMaterialUpdate":false,"showSkybox":true,"showFlares":true,"showImageEffects":true,"showParticleSystems":true},"in2DMode":false,"pivot":{"x":-8.344650268554688e-7,"y":0.8491032123565674,"z":2.030000686645508},"rotation":{"x":0.23706158995628358,"y":-0.5351558923721314,"z":0.15958775579929353,"w":0.794947624206543},"size":1.7689900398254395,"orthographic":false}